source,POS
henceforward,adverb
successively,adverb
albino,noun
aloof,adjective
arenicolous,adjective
Kazamias,properNoun
at bottom,adverb
answering machine,noun
microwave oven,noun
tuner,noun
Hootsuite,properNoun
remount,verb
guanine,noun
certifier,adjective
gastronomic,adjective
annoyance,noun
constructivist,adjective
gratify,verb
possibilism,noun
monegasque,adjective
meteorological,adjective
casserole,noun
boolean,adjective
at a gallop,adverb
one,determiner
one,demonstrativePronoun
polarimeter,noun
prefecture,noun
starry,adjective
listed share,noun
Muhammed,properNoun
reclamation,noun
on the warpath,adverb
cheery disposition,noun
moneme,noun
subduction,noun
african,adjective
quality tourism,noun
Hispanism,noun
terbium,noun
tentative,adjective
ciliated,adjective
coxa,noun
Aiten Etxe,properNoun
unabridged speech,noun
mascara,noun
Thomson,properNoun
gravitational,adjective
performing arts,noun
missile launcher,noun
samurai,noun
von Habsburg,properNoun
cyclonic,adjective
validate,verb
colophony,noun
thorough clean,noun
per diem,noun
adulation,noun
alternation,noun
know the subject really well,verb
explorer,noun
Opran,properNoun
in low season,adverb
neolithic,noun
outdoors,adverb
Spanish Marine Division,properNoun
limiter,noun
mediocrity,noun
cavernous,adjective
geologically,adverb
teaser,noun
acrosome,noun
neoprene,noun
the other day,adverb
supersymmetric,adjective
endothelium,noun
at length,adverb
deltoid,noun
biodegradation,noun
hemotherapy,noun
hemophilia,noun
acerbity,noun
aggressively,adverb
midfield player,noun
spermatogonium,noun
splitting,noun
minimalism,noun
radiotelegraphy,noun
autocrat,noun
toast,verb
dystrophy,noun
northerly,adjective
idiomorphic,adjective
thirtieth,determiner
straighten,verb
painfully,adverb
golden share,noun
suffixation,noun
on my part,adverb
chess,adjective
excavator,adjective
Marchena,properNoun
by the skin of one's teeth,adverb
wilful,adjective
Universitat de les Illes Balears,properNoun
ureter,noun
reel,verb
parabola,noun
petty cash,noun
metallurgy,noun
Yanukovych,properNoun
reset,noun
scroll down,verb
Hogan,properNoun
on our part,adverb
deflation,noun
humanistic,adjective
archduke,noun
octahedron,noun
cellulose,noun
scroll,noun
reconfiguration,noun
coedition,noun
Borbone,properNoun
Youtube,properNoun
stamen,noun
polymorphism,noun
neon,noun
lignin,noun
light-sensitive,adjective
bract,noun
spoil fun to,verb
swiss,adjective
macrocephaly,noun
peal,noun
Andalusian,noun
confusedly,adverb
ionise,verb
temperate,adjective
coffee with milk,noun
depending on,subordinatingConjunction
be suitable,verb
in the distant future,adverb
boat race,noun
torment,noun
on the verge of extinction,adverb
myalgia,noun
alternator,noun
stipulation,noun
brazilian,adjective
compulsive,adjective
palaeography,noun
subsidise,verb
laugh along with,verb
indiscipline,noun
rusticity,noun
monosyllabic,adjective
Second World War,properNoun
deviationism,noun
Mas Nadal i Can Mèlich,properNoun
on the brink of despair,adverb
astigmatism,noun
angioma,noun
dregs,noun
private tuition,noun
phagocyte,noun
to such an extent,adverb
trachea,noun
reactionary,adjective
clearing code,noun
dodecahedron,noun
perjury,noun
guffaw,noun
cider,noun
queen of the jungle,noun
irascible,adjective
divergent,adjective
ascent,noun
give complex,verb
keep the peace,verb
hypsographic,adjective
canalisation,noun
amber,noun
corpuscular,adjective
revised,adjective
table the motion,verb
quartzite,noun
break-even point,noun
polyhedral,adjective
Verheugen,properNoun
cortisone,noun
obverse,noun
Japanese-American,noun
unreadable,adjective
go into action,verb
hallucinogen,noun
Arjona,properNoun
congregate,verb
machine-gun,verb
periscope,noun
lithium,noun
alibi,noun
Tenerifean,adjective
pork loin,noun
Middle East theocracy,noun
antonym,noun
Patti Smith,properNoun
leek,noun
AMISOM,properNoun
lipstick,noun
case with a false bottom,noun
geostrophic,adjective
in stock,adverb
cluttered,adjective
evaporation,noun
snout,noun
imperfection,noun
silicate,noun
subterranean,adjective
basic problem,noun
reelect,verb
Venezuelan,noun
polynomial,noun
hydrofugous,adjective
membranous,adjective
dendrology,noun
local office,noun
from this time forth,adverb
SUMMA,properNoun
cryogenic,adjective
jaunty,adjective
apostolate,noun
effervescence,noun
piecework,noun
hypotenuse,noun
vertebrate,noun
night and day,adverb
lipase,noun
demodulate,verb
visor,noun
reach rock bottom,verb
geomorphological,adjective
eversion,noun
in many respects,adverb
X-ray,noun
lossy,adjective
undemocratic,adjective
neodymium,noun
bitchy,adjective
Usabiaga,properNoun
spheroid,noun
Zelaya,properNoun
islamist,adjective
Ormazabal,properNoun
good-natured,adjective
jacobite,adjective
Zumárraga,properNoun
Kamiński,properNoun
ministerial decree,noun
incestuous,adjective
Bangalore,properNoun
lyophilisation,noun
atropine,noun
UNPROFOR,properNoun
scherzando,adverb
middle-sized,adjective
exhaustiveness,noun
synchrony,noun
stapler,noun
proustite,noun
hydrocephalus,noun
collecting,noun
dead end job,noun
catalase,noun
evergreen,adjective
roll up,verb
rhizome,noun
no-fly zone,noun
Júlia,properNoun
gravitation,noun
bacteriology,noun
and somewhat ironically,subordinatingConjunction
diphthong,noun
granulometry,noun
geometrically,adverb
as go,verb
postproduction,noun
postscript,noun
asturian,adjective
thrombocyte,noun
the ones who,pronoun
cybernetics,noun
Baeza,properNoun
mastication,noun
Arzalluz,properNoun
flannel,noun
bore,verb
stator,noun
in an orderly way,adverb
coke,noun
tile,verb
dynastic,adjective
lumber,noun
incorruptibility,noun
corroboration,noun
mat,noun
uninstallation,noun
Durán,properNoun
Astrana,properNoun
of particular use,adjective
determinate,adjective
waiting,adverb
cadence,noun
equipollent,adjective
conch,noun
Abidjan,properNoun
concentric,adjective
samarium,noun
expressionistic,adjective
tantrum,noun
pagination,noun
Sharp Guard,properNoun
Asarta,properNoun
catapult,noun
single-celled,adjective
throw a party,verb
coop,noun
FMI,noun
in tow,adverb
blight,noun
gammagraphy,noun
ectodynamomorphic,adjective
distend,verb
in blocks,adverb
delicatessen,noun
confessional,noun
longitudinal,adjective
be still working,verb
haplic,adjective
leakage,noun
xerophilous,adjective
spy,verb
arithmetic,noun
expansionist,adjective
Navalón,properNoun
web service,noun
bust,noun
pigment,noun
anyhow,adverb
drive mad,verb
consecutively,adverb
effusive,adjective
sternum,noun
Melville,properNoun
covariant,adjective
redemption,noun
Brossa,properNoun
permutable,adjective
Benamejí,properNoun
potentiality,noun
molality,noun
radication,noun
novelesque,adjective
weevil,noun
objectivation,noun
vine,noun
anti-doping,adjective
quarterly review,noun
basque,adjective
ethnicity,noun
indignant,adjective
strontium,noun
triumvirate,noun
gothic,adjective
trill,verb
dishonour,verb
Illarramendi,properNoun
monographic,adjective
authorisation for therapeutic use,noun
incoherent,adjective
enhancement,noun
UTC,properNoun
Age of Enlightenment,properNoun
colonise,verb
chop,noun
isolationist,adjective
daycare,noun
cytosome,noun
guanaco,noun
wild abandon,noun
bel,noun
Bay of Biscay,properNoun
under the influence,adverb
hemispherical,adjective
rear-admiral,noun
large intestine,noun
daw,noun
larch,noun
renovate,verb
execute in writing,verb
memorialize,verb
Spanish Agency for International Cooperation and Development,properNoun
shopkeeper,noun
attire,noun
hippocampus,noun
Agnew,properNoun
peasant,adjective
infant mortality rate,noun
authorised car dealer,noun
jubilation,noun
off duty,adverb
cloud computing,noun
chequebook,noun
zither,noun
collyrium,noun
Nikosea,properNoun
Yankee,noun
polleniferous,adjective
baroque,noun
hyponym,noun
play it cool,verb
pyramidal,adjective
double bassist,noun
hemorrhoid,noun
pervert,verb
commissure,noun
polymerase,noun
conductance,noun
Juaristi,properNoun
installment plan,noun
piece of paper,noun
Amazon rainforest,noun
proper name,noun
PRT,properNoun
Papel de Aguas,properNoun
subproject,noun
dud,adjective
relic,noun
radium,noun
spectator,noun
Ganvam,properNoun
at first sight,adverb
resolutory,adjective
wandering,adjective
prohibitory,adjective
onomastic,adjective
multisectorial,adjective
orc,noun
colorimeter,noun
biochemistry,noun
de Clavijo,properNoun
centenarian,adjective
joisting,noun
awkwardness,noun
electroerosion,noun
stepsister,noun
still life,noun
dwindle,verb
teletype,noun
cadastre,noun
Congress of Deputies,properNoun
laparoscopy,noun
subtractive,adjective
pulley,noun
telson,noun
megalith,noun
Sosa,properNoun
krypton,noun
Polycarp,properNoun
Hidalgo,properNoun
vulva,noun
genitive,noun
conical,adjective
resonant,adjective
unexplained,adjective
routing,noun
theocratic,adjective
web identity,noun
anechoic,adjective
kiwi,noun
loyalty,noun
toner,noun
iodide,noun
non-motivated,adjective
quadrant,noun
assuage,verb
variance,noun
fetishistic,adjective
signaling,noun
peaty,adjective
grater,noun
agile,adjective
haircut,noun
tube,verb
endless,adjective
herself,reflexivePersonalPronoun
vietnamese,adjective
laxity,noun
scapula,noun
describe as,verb
aberrant,adjective
blood vessel,noun
South Dakota,properNoun
fishing port,noun
economic forecaster,noun
Huygens,properNoun
sylviculture,noun
falsifiability,noun
sciophilous,adjective
Hispanic American,noun
wall in,verb
underemployment,noun
head of state,noun
mutant,noun
contracting party,noun
FAS,properNoun
Conducator,properNoun
superconductor,noun
neckline,noun
drug trafficker,noun
for its own gain,subordinatingConjunction
spiracle,noun
melodrama,noun
berkelium,noun
work day,noun
particle accelerator,noun
under duress,adverb
Wigner,properNoun
texture,noun
Koxtape,properNoun
unashamedly,adverb
stutter,verb
digester,noun
tourist office,noun
diligence,noun
hanger,noun
ideally,adverb
holiday cottage,noun
nebulosity,noun
solar cooker,noun
insulting,adjective
weak spot,noun
grieve about,verb
Bear Island,properNoun
point against,noun
no rest,adverb
numeric keypad,noun
manacles,noun
Westendorp,properNoun
exultant,adjective
juicer,noun
terrazzo,noun
fools rush in where angels fear to tread,interjection
mandarin,noun
convex,adjective
blinding headache,noun
defecation,noun
savannah,noun
cordially,adverb
bumblebee,noun
Spanish American,noun
lexicological,adjective
Shore,properNoun
4-2-4 system,noun
microworld,noun
magnetise,verb
titanite,noun
porous,adjective
cairn,noun
tractability,noun
exchanger,noun
habitability,noun
hearth,noun
Mediterranean coast,noun
drill,noun
flyswatter,noun
apposition,noun
Elche,properNoun
characterologic,adjective
use adjectivally,verb
dedication,noun
petty crime,noun
Renshaw,properNoun
Moheno,properNoun
schooner,noun
communion,noun
assembling,noun
macromolecular,adjective
out of breath,adverb
biophysics,noun
bewitched,adjective
desorption,noun
dysplasia,noun
bead,noun
converter,noun
extracurricular,adjective
electroscope,noun
Julian,adjective
maniac,noun
become friends with,verb
variegated,adjective
Fonteta,properNoun
far-right,adjective
Napoleón,properNoun
coprophagous,adjective
snippet,noun
restore order,verb
women's double,noun
apropos,preposition
Fundación Tripartita,properNoun
nuptial,adjective
in person,adverb
rhapsody,noun
quasi-geostrophic,adjective
atomism,noun
restorer,noun
tax incentive,noun
plumbery,noun
thermosphere,noun
tetartoidal,adjective
LP,noun
Dührkop Dührkop,properNoun
elastin,noun
Harrier,properNoun
serve up,verb
contextual situation,noun
with energy,adverb
altaic,adjective
deceitful salesman,noun
cobalt,noun
creamy,adjective
continue on its course,verb
chill,noun
noisily,adverb
escarole,noun
off the record,adverb
dropsy,noun
Klitschko,properNoun
ceviche,noun
be just right,verb
Latin American Official Section,properNoun
dysmenorrhea,noun
with a view to,preposition
dyspnea,noun
automorphism,noun
carriage return,noun
Galician sports foundation,properNoun
crash head-on,verb
nepotism,noun
malevolent,adjective
in cold blood,adverb
closure,noun
determinism,noun
stole,noun
the eighties,noun
mesophilous,adjective
yawl,noun
flow into,verb
uncooked,adjective
gold standard,noun
fin,noun
actuator,noun
James I,properNoun
divulge,verb
be a car heading straight for us,verb
amulet,noun
be intimidated,verb
solfège,noun
bedsheet,noun
knuckle,noun
heterometric,adjective
student,adjective
fertiliser,adjective
O'Farrell,properNoun
autotrophic,adjective
compressor,noun
foul-smelling,adjective
dart,noun
administrate,verb
deconstruction,noun
impertinence,noun
left-winger,noun
tabloid,adjective
noble court,noun
pivot,noun
Molotov cocktail,noun
impediment,noun
running of the bulls,noun
background,adjective
IUPAC,noun
molding,noun
the other afternoon,adverb
outsourcing,noun
Pasaia,properNoun
Icarus,properNoun
goniometer,noun
freight,noun
palatographic,adjective
protium,noun
psychopedagogics,noun
pipette,noun
metabolite,noun
shroud,verb
play a prank on,verb
into use,adverb
proof of enrollment,noun
desertisation,noun
crib,noun
afar,adverb
dynast,noun
zodiacal,adjective
some,adverb
statistician,noun
herpetology,noun
humic,adjective
Belflor,properNoun
light-haired,adjective
kefir,noun
holiness,noun
martingale,noun
pizzeria,noun
rhinitis,noun
megaton,noun
combinatorics,noun
ACT,properNoun
become interested,verb
Pen Club,properNoun
independent film-maker,noun
fusible,adjective
orphanage,noun
subroutine,noun
on the brink of bankruptcy,adverb
prompter,noun
situational,adjective
sweetness,noun
whereof,adverb
impossibly,adverb
Amor Pérez,properNoun
Forward Support Base,properNoun
polarisation,noun
abiogenesis,noun
long-expected,adjective
interlingua,noun
Miranda,properNoun
airstrike,noun
Benbo Productions,properNoun
extra cost,noun
quarternion,noun
Igon,properNoun
prolonged,adjective
notoriously,adverb
dam,verb
stranglehold,noun
ANA,properNoun
saxicolous,adjective
punctilious,adjective
endemic,adjective
Aiko Taldea,properNoun
hair-raising,adjective
married,adjective
inconsistency,noun
artilleryman,noun
zirconium,noun
preceptorial,adjective
for myself,subordinatingConjunction
sherry,noun
steamer,noun
Advanced Logistics Steps,properNoun
modesty,noun
ukulele,noun
bulldozer,noun
bivalve,adjective
civility,noun
doughnut,noun
broaching,noun
filming,noun
cosmogony,noun
Úlehla,properNoun
talc,noun
Central America,properNoun
annihilate,verb
Caro and Cuervo Institute,properNoun
alienate,verb
food web,noun
to the front,adverb
amplification,noun
hold a conversation,verb
disown,verb
traineras' league,noun
warmth,noun
astrophysics,noun
corrosion,noun
Alameda,properNoun
saccharine,noun
derision,noun
cushion,verb
Yushchenko,properNoun
onomatopoeia,noun
Avogadro number,noun
outright,adjective
stocktaking sale,noun
claustrophobia,noun
pillage,noun
Garmendia,properNoun
film-maker,noun
newton,noun
head butt,noun
tidal force,noun
desulphurisation,noun
vasodilation,noun
heiress,noun
stinky,adjective
Espasa,properNoun
genesis,noun
gametocyte,noun
longnosed,adjective
head on,adverb
Pasteur,properNoun
scalable,adjective
narrow,verb
awaiting,preposition
baldness,noun
synchronisation,noun
Lenin,properNoun
andalusian,adjective
inseminate,verb
O Grelo,properNoun
lightsaber,noun
Hospitalet,properNoun
long-distance runner,noun
exculpatory,adjective
prognathism,noun
geologist,noun
shake up,verb
put an end,verb
drift,verb
insistence,noun
scored regatta,noun
rowing boat,noun
Zuse,properNoun
hippodrome,noun
dotted line,noun
carbonatation,noun
nacreous,adjective
transmittance,noun
buret,noun
samoan,adjective
subordinative,adjective
action movie,noun
wipe away,verb
bastion,noun
systematisation,noun
step forward,noun
Mongolian,noun
Mújica,properNoun
hybridisation,noun
gas pipeline,noun
computerisation,noun
actinide,noun
siphon,noun
interrelation,noun
phonemic,adjective
dehumidifier,noun
creaminess,noun
spend the holidays,verb
ISFAS,properNoun
lubricate,verb
stepbrother,noun
entertainment manager,noun
disproportionate,adjective
study in great depth,verb
chaise,noun
in lower case,adverb
odyssey,noun
epitaph,noun
wagnerian,adjective
campsite,noun
Dubois,properNoun
amicably,adverb
in a southeasterly direction,adverb
diamagnetism,noun
Kosovar,noun
tourmaline,noun
corruptly,adverb
great-grandson,noun
magenta,noun
motet,noun
pension fund,noun
daunt,verb
Reizabal,properNoun
remittance,noun
witchcraft,noun
absolutive,adjective
ache,noun
Muqur,properNoun
Barrichello,properNoun
tranquilizer,noun
lepidolite,noun
persimmon,noun
hotel and catering industry,noun
proper noun,noun
sweep,noun
car dealer,noun
aerophagy,noun
finishing,noun
Bl-SC,properNoun
Overseas Assistance Center of Seychelles,properNoun
Benet,properNoun
factorisation,noun
Ramirez,properNoun
paralyse,verb
as I know for a fact,adverb
magnetophone,noun
borrower,noun
impractical,adjective
metallise,verb
thermography,noun
hurtful,adjective
self-dramatisation,noun
hypogastric,adjective
MacGyver,properNoun
amoeba,noun
in an orderly fashion,adverb
wire up,verb
Joserra,properNoun
scarification,noun
clod,noun
Eyjafjallajökull,properNoun
on the high seas,adverb
trimer,noun
anti-tank,adjective
contextualise,verb
sexless,adjective
self-propelled,adjective
miss the turn,verb
live in,verb
hyena,noun
plinthic,adjective
weightlessness,noun
of the moment,adverb
pathophysiology,noun
Centre for Advanced Defence Studies in Spain,properNoun
paintbrush,noun
sinner,noun
be hit by,verb
middle-of-the-road,adjective
Riemann,properNoun
anarchical,adjective
computer-aided,adjective
neofascism,noun
bluish,adjective
myself,reflexivePersonalPronoun
logo,noun
cultivate the loyalty,verb
to this very day,adverb
endosperm,noun
phalanx,noun
motivating,adjective
sabre,noun
creole,adjective
nonsensical discussion,noun
serenade,noun
battle front,noun
unravel,verb
archiphoneme,noun
hussar,noun
bagpipe,noun
Belinchón,properNoun
dyslexia,noun
aerobatics,noun
taxonomy,noun
mycology,noun
Urban Plan of Strategic Residential Areas,properNoun
discretisation,noun
slump,verb
in bytes,adverb
welding,noun
keratin,noun
orthonormal,adjective
spittle,noun
be racked with pain,verb
elliptical,adjective
ophthalmologist,noun
bachelorhood,noun
make possible,verb
bronze,verb
scrapping,noun
lighthouse,noun
photodiode,noun
country holiday,noun
decode,verb
subversive,noun
El Adeisse,properNoun
oscilloscope,noun
mink,noun
gyroscope,noun
Orioko Txanpa,properNoun
Spanish Language,properNoun
informant,noun
creek,noun
isochronous,adjective
come under scrutiny,verb
french fry,noun
Urraska,properNoun
Cayman Islands,properNoun
olfactory,adjective
Yang,properNoun
home help,noun
latifundium,noun
Your Highness,noun
sieve,verb
Maluku Islands,properNoun
intelligently,adverb
Paco Sutil,properNoun
in midsummer,adverb
reelection,noun
gas mask,noun
monism,noun
inspirational,adjective
indefensible,adjective
bell-tower,noun
stoma,noun
piece of furniture,noun
expressiveness,noun
segregationism,noun
copula,noun
look after the pennies and the pounds will look after themselves,interjection
multilingual,adjective
mnemonic,adjective
official school of languages,noun
duet,noun
confuse the heck out of,verb
yeast,noun
Visa Electron,properNoun
occlusion,noun
Cauchy,properNoun
quartic,adjective
ounce,noun
ecotourism,noun
ancestry,noun
thrower,noun
mimosa,noun
freedom of religion,noun
have flu,verb
agate,noun
bergamot,noun
Prometheus,properNoun
legalisation,noun
adage,noun
unpresentable,adjective
amethyst,noun
blocker,noun
dissimilar,adjective
predicable,adjective
barcelona,adjective
orgastic,adjective
a short,adjective
servomechanism,noun
break-point,noun
abide by,verb
georeferencing,noun
muslim,adjective
Pasai San Pedro,properNoun
depot,noun
dribbling,noun
Goirizelaia,properNoun
criminologist,noun
neofascist,adjective
ferry,noun
pass off as,verb
Resano,properNoun
rapacity,noun
extinct,adjective
brainless,adjective
handsomely,adverb
cruller,noun
use honeyed words,verb
libertarian,adjective
port,adjective
Demosthenes,properNoun
bottom of the sea,noun
ischium,noun
barbarian,adjective
lasagna,noun
peripatetic,adjective
comeback,noun
hem,noun
assertoric,adjective
nod,verb
cession,noun
open source,noun
grenadian,adjective
foreword,noun
formwork,noun
Congolese,noun
visceral,adjective
penetrating,adjective
accretion,noun
Loos,properNoun
curia,noun
disinheritance,noun
sintering,noun
start to process,verb
ivy,noun
absorptiometry,noun
launder,verb
frying pan,noun
be too clever by half,verb
jordanian,adjective
crushing,adjective
probabilistic,adjective
panamanian,adjective
dialectalism,noun
spectrographic,adjective
Isla Marchena,properNoun
timeframe,noun
industrialise,verb
Aache,properNoun
partiality,noun
ionosphere,noun
subchannel,noun
just here,adverb
exploratory,adjective
measuring spoon,noun
basic right,noun
dip,noun
masseter,noun
commune,noun
autocratic,adjective
fine dust,noun
spacetime,noun
Unesco,noun
private secretary,noun
look forward to hearing from you,verb
lattice,noun
in comparison,adverb
curly endive,noun
Rafel,properNoun
stone,verb
aileron,noun
advancedly,adverb
international community,noun
seven hundredth,determiner
mesenchymatous,adjective
parasite,noun
mesenchyme,noun
FIMEX-BH,properNoun
at the earliest opportunity,adverb
remand in custody,verb
dishwasher,noun
Quichotte,properNoun
personalised,adjective
loosely speaking,adverb
ACB league,properNoun
toaster,noun
Ministry of the Treasury,properNoun
trikitixa,noun
continue in its error,verb
abrasion,noun
splenic,adjective
matriarchy,noun
Tomillas,properNoun
Rwandan,noun
vetch,noun
unionism,noun
subclavian,adjective
give off,verb
stock,adjective
Tecnalia,properNoun
quadrangular,adjective
lightness,noun
get in the quarter finals,verb
suaviloquence,noun
gallium,noun
Carpio,properNoun
nook,noun
meniscus,noun
put the sauce through a sieve,verb
scorpion,noun
bravely,adverb
lighten,verb
glabella,noun
cerebellum,noun
feeder,noun
overdetermined,adjective
herbicide,noun
nib,noun
glacial,adjective
bison,noun
with luck,adverb
Mendaz,properNoun
plenipotentiary,adjective
like a gentleman,adverb
El Corte Inglés,properNoun
Linkedin,properNoun
adventurously,adverb
Linnaeus,properNoun
hyperbole,noun
Amazonian rainforest,noun
clipper,noun
isolationism,noun
petrology,noun
Brindisi,properNoun
own initiative,noun
acclimatise,verb
pedal,adjective
asiatic,adjective
collate,verb
dovecot,noun
principality,noun
heliothermy,noun
question mark,noun
AK-47,properNoun
pluviometry,noun
graph theory,noun
yellowish,adjective
daylight robbery,noun
ethology,noun
streaky,adjective
spinach,noun
supplying,noun
orator,noun
quantifier,noun
on occasion,adverb
suggestive,adjective
Aranegi,properNoun
middle,adjective
ditch,noun
ringer,noun
Tenojoki,properNoun
rewind,noun
applicability,noun
bow tie,noun
Aldecoa,properNoun
leprosy,noun
Prompsit,properNoun
stupendously,adverb
New York Times,properNoun
chiropter,noun
Òscar,properNoun
whatsoever,pronoun
weathercock,noun
accomplice,noun
anhydride,noun
excrete,verb
Dutchwoman,noun
obstinately,adverb
soak,verb
epithalamium,noun
illustrative,adjective
dominant trend,noun
Acebes,properNoun
pylorus,noun
cartilage,noun
airmobile,noun
realist,adjective
ferromagnetism,noun
plurilingualism,noun
police protection,noun
insurance policy,noun
Gonzalez,properNoun
humerus,noun
parenchymatous,adjective
threaded,adjective
capitalise,verb
constriction,noun
flair,noun
heart rate,noun
air strike,noun
Almunia Amann,properNoun
Maza,properNoun
eosinophilia,noun
sabbath,noun
elusive,adjective
mountain range,noun
de Brún,properNoun
sediment,noun
Txomin Perurena,properNoun
highland,adjective
irretrievable,adjective
up until now,adverb
Benghazi,properNoun
royal decree,noun
plastification,noun
al-rahman,properNoun
gaze,verb
skimmer,noun
defoliant,noun
Marlene Dietrich,properNoun
Aquarius,properNoun
receptacle,noun
metalanguage,noun
on his own two feet,subordinatingConjunction
battle,verb
CAM,properNoun
without rhyme or reason,adverb
inoculum,noun
Coillure,properNoun
estimator,noun
scrambled egg,noun
colchicum,noun
Calderón,properNoun
colloid,noun
fans,noun
lose the joke,verb
lanthanide,noun
typography,noun
lambing,noun
phoenix,noun
turning,noun
sheep dog,noun
accelerometer,noun
eviction order,noun
epithet,noun
move gracefully,verb
ostensibly,adverb
Travnik,properNoun
rebuke,noun
shilling,noun
Erdős,properNoun
hydrolytic,adjective
Andean,noun
carbonate,noun
swipe,noun
spectroscopy,noun
reprimand,noun
with no interferences,adverb
categorisation,noun
adriatic,adjective
hydrofluoric,adjective
shoddy,adjective
trainera,noun
HIV positive,adjective
majorcan,adjective
on request,adverb
for the record,subordinatingConjunction
prosper,verb
trigonometric,adjective
Laurence,properNoun
vaporisation,noun
direct action,noun
worn-out,adjective
trump,noun
hornblende,noun
immersed,adjective
EPP-ED,noun
at a snail's pace,adverb
paronym,noun
biotic,adjective
dactyl,noun
Basque Government,properNoun
nadir,noun
pentose,noun
mail-order selling,noun
Surface Mining Control and Reclamation Act,properNoun
skeletal,adjective
aided by,adjective
private school,noun
go to bed,verb
violate,verb
king of the jungle,noun
melancholy,noun
humorous,adjective
sunflower,noun
macronucleus,noun
Fanlo,properNoun
united front,noun
hygienic,adjective
pudding,noun
africanism,noun
epiglottis,noun
yoga,noun
photoelectrochemical,adjective
abstraction,noun
walkout,noun
dyadic,adjective
maternity leave,noun
synchronous,adjective
Strang,properNoun
ponytail,noun
Gay-Lussac,properNoun
calf,noun
whaling,adjective
proteinaceous,adjective
appealable,adjective
orchiectomy,noun
myriapod,noun
refractory,adjective
hyperpyrexia,noun
addled,adjective
aerodrome,noun
iteration,noun
politisation,noun
Labein,properNoun
vulcanism,noun
pillory,noun
Brunei Darussalam,properNoun
Somali,noun
Fort Wayne,properNoun
misgovernment,noun
Wilshere,properNoun
analogical,adjective
alderwoman,noun
sustenance,noun
salty,adjective
lure,verb
receive communion,verb
feng shui,noun
muck,noun
bankrupt economy,noun
every day,adverb
nucleic acid,noun
newspaper library,noun
scored,adjective
slug,noun
be steeped in,verb
drench,verb
ammeter,noun
to start with,adverb
keel,noun
demographer,noun
metallurgical,adjective
up to the present,adverb
Pena,properNoun
macromolecule,noun
one trillion,numeral
jacobist,adjective
intestate,adverb
freemasonry,noun
Sahel,properNoun
exuberance,noun
Medina,properNoun
stardom,noun
trailing,adjective
Ramírez,properNoun
makeup artist,noun
Kovács,properNoun
Molotov,properNoun
moonstone,noun
close to tears,adverb
keep on being,verb
deductible,adjective
abstemious,adjective
cross-country skiing,noun
stupidly,adverb
magnetometer,noun
professionalism,noun
priority share,noun
liquidation,noun
isogloss,noun
in circunference,adverb
suspension point,noun
Iriarte,properNoun
anagram,noun
go on down,verb
aneurism,noun
kidnapping,noun
synaloepha,noun
semolina,noun
gemination,noun
polyphonic,adjective
Sierra Leone,properNoun
digger,noun
ETA member,noun
initiator,noun
rush into a decision,verb
EU,noun
Kross,properNoun
cabriolet,noun
shiite,noun
co-discoverer,noun
perspicacity,noun
trash bag,noun
Flanagan,properNoun
own eye,noun
individual incentive plan,noun
on his initiative,adverb
balneotherapy,noun
of little account,adverb
Fat Man,properNoun
bullfighting business,noun
ONCE,properNoun
volemie,noun
docudrama,noun
steamboat,noun
breastbone,noun
subtype,noun
particular interest,noun
psychoanalytical,adjective
Osuna,properNoun
Spanish Navy,properNoun
Torrejón de Ardoz,properNoun
Carolinas,properNoun
Dupont,properNoun
in apposition,adverb
cluck,verb
spectrogram,noun
Her Majesty,noun
faroese,adjective
Nesbitt,properNoun
populariser,noun
Sestao,properNoun
cutter,noun
secessionism,noun
that is to say,adverb
scallop,noun
quinine,noun
more than ever,adverb
rim,noun
dermatologist,noun
litre of spirits,noun
asocial,adjective
Dell'Alba,properNoun
almanac,noun
rectum,noun
barbarous,adjective
prostatic,adjective
dribble,verb
encyclopaedic,adjective
great-great-grandmother,noun
levodopa,noun
salvadorian,adjective
ceratin,noun
polygyny,noun
photometer,noun
be abreast,verb
Tramontana,properNoun
hyperplasia,noun
deteriorate,verb
MySpace,properNoun
syntagmatic,adjective
chard,noun
volatilisation,noun
cactus,noun
descriptor,noun
auspicious,adjective
hydrodynamic,adjective
toilet paper,noun
anticyclonic,adjective
danish,adjective
Their Highnesses,noun
Camp Butmir,properNoun
certified copy,noun
enthalpy,noun
pubic,adjective
populational,adjective
what the fuck,pronoun
what the fuck,interrogativePronoun
disco,noun
cotton plant,noun
porthole,noun
fuse,noun
Mitterrand,properNoun
mediation,noun
acrylic,noun
right-winger,noun
subarea,noun
phlebotomy,noun
hedgehog,noun
pedology,noun
magnificence,noun
animality,noun
Stalin,properNoun
diabolical,adjective
Concello de Pontevedra,properNoun
Arganda del Rey,properNoun
shire,noun
lease with purchase option,noun
brushstroke,noun
monstrously,adverb
server,noun
ETB,noun
silt,noun
effector,noun
Women's Institute,properNoun
lovingly,adverb
chess player,noun
stabilizer,noun
cling,verb
astrolabe,noun
Shoemaker,properNoun
pediculosis,noun
squabble,noun
vamp,noun
radiometer,noun
lacquer,noun
badge,noun
oregano,noun
sage,noun
turkish,adjective
aphonia,noun
SEDEF,properNoun
garrotte,noun
Freudian slip,noun
acre,noun
hint,verb
Pyrenees,properNoun
do a course,verb
polariser,noun
hemp,noun
dilapidated,adjective
nuclear weapon,noun
FEDELE,properNoun
Pan-Germanism,noun
MB,noun
RATP,noun
bundle,noun
fox,noun
middle-distance runner,noun
kimberlite,noun
Costa Blanca,properNoun
few,demonstrativePronoun
Joan of Arc,properNoun
reserve currency,noun
rectilinear,adjective
conduction,noun
petroferric,adjective
parietal,adjective
transgress,verb
coprophagy,noun
nostril,noun
Caparrós,properNoun
mare,noun
velocimeter,noun
narrowness,noun
Dakotas,properNoun
substructure,noun
wind direction,noun
Vilno,properNoun
flourishing,adjective
cougar,noun
tile,noun
arborescent,adjective
fellowship,noun
penalty spot,noun
aluminous,adjective
bilirubin,noun
phonic,adjective
lobe,noun
intoxicated,adjective
Donegal,properNoun
dead end,noun
multimeter,noun
ambivalence,noun
exam table,noun
mushy,adjective
Amman,properNoun
greyhound,noun
stagnate,verb
have an accident,verb
indorsement,noun
cellularly,adverb
chorology,noun
pasteurise,verb
Ionian Islands,properNoun
corporately,adverb
whipped cream,noun
monostable,adjective
newsreader,noun
totemism,noun
adroit,adjective
visualisation,noun
deceitfulness,noun
have a flavour on its own,verb
Copenhagen,properNoun
in the right place,adverb
San Diego,properNoun
Eiffel,properNoun
solidity,noun
abstemiousness,noun
categorematic,adjective
palette,noun
refundable,adjective
inshore fishing,noun
paleogeography,noun
dormouse,noun
banker's order,noun
empathic,adjective
confessor,noun
Flores,properNoun
deity,noun
banishment,noun
metope,noun
Tour,properNoun
sheriff,noun
Callistoan,adjective
Bermeo,properNoun
mendelevium,noun
statvolt,noun
redhead,noun
fundamental issue,noun
resonator,noun
beryllium,noun
semi-formal,adjective
analogically,adverb
iodine,noun
aquarius,adjective
producible,adjective
crispy,adjective
humanly,adverb
inculpable,adjective
Saudi,noun
glassware,noun
arboreal,adjective
RSA,noun
newscast,noun
Coloma,properNoun
millisecond,noun
electrodynamics,noun
Cobos,properNoun
pigeonhole,noun
make ends meet,verb
miller,noun
humanitarian aid,noun
working-class,adjective
trichotomy,noun
events organiser,noun
South Korea,properNoun
bloodstained,adjective
antepenultimate,adjective
move over,verb
praetorium,noun
helter-skelter,adverb
dishonour,noun
adipose,adjective
cameroonian,adjective
distinguished,adjective
quintessence,noun
spearhead,noun
BP,noun
exogamy,noun
periglacial,adjective
rake,noun
biomagnify,verb
eutrophication,noun
swimmer,noun
chaining,noun
contraindication,noun
illusionistic,adjective
crystallisation,noun
in other words,adverb
LaGuardia Community College,properNoun
wasp,noun
spinning,noun
Barroso,properNoun
acuity,noun
native language,noun
immigrate,verb
polyatomic,adjective
become embittered,verb
Bangui,properNoun
discontinuity,noun
heater,noun
neutrino,noun
Hercules,properNoun
R&D,noun
christmas tree,noun
mapping,noun
Lamarckism,noun
audiovisual aid,noun
crankshaft,noun
animate,adjective
burmese,adjective
sisterhood,noun
Queralt,properNoun
homotopy,noun
Disney,properNoun
antimissile,adjective
cleft palate,noun
seismic,adjective
under way,adverb
anaemic,noun
limonite,noun
Sheen,properNoun
hysterically,adverb
disguise,noun
Abelson,properNoun
counterespionage,noun
swine flu,noun
irrigate,verb
stock market,noun
urinary,adjective
particular requirement,noun
megabit,noun
how long,adverb
dispatcher,noun
kneejerk,noun
at stake,adverb
pustule,noun
how funny,interjection
parapet,noun
Spanish language,noun
criminology,noun
order of the day,noun
rectangular,adjective
impassable,adjective
CIA,noun
upraising,noun
windward,noun
rale,noun
stabling,noun
inclement,adjective
donut,noun
mutuality,noun
self-evident,adjective
submissive,adjective
polycyclic,adjective
AFP,noun
iridotomy,noun
slavery,noun
orographic,adjective
resort to,verb
expensively,adverb
river bank,noun
wine tasting,noun
vitamin E,noun
place in front of,verb
Aiko,properNoun
form and content,noun
in return,adverb
cicatrisation,noun
wintry,adjective
revaluation,noun
hack,verb
MacDermott,properNoun
gold-coin standard,noun
fauvism,noun
audit,verb
labialisation,noun
liposome,noun
adornment,noun
première,verb
pantomime,noun
nitride,noun
declivity,noun
High Court of Justice of the Basque Country,properNoun
on the verge of suicide,adverb
checklist,noun
semifinal,noun
silica,noun
methylated spirit,noun
Astillero,properNoun
UK,properNoun
thermistor,noun
Open Directory,properNoun
axiomatisation,noun
Santa Clara,properNoun
table a motion,verb
boulevard,noun
piston,noun
bile,noun
warlike,adjective
hallelujah,noun
phosphate,noun
tracheal,adjective
apocope,noun
Bédier,properNoun
without taking precautions,adverb
radish,noun
Lichtenstein,properNoun
trespass,verb
clog,noun
psychopath,noun
diaphragmatic,adjective
Plentzian,adjective
arrest warrant,noun
sandwich,noun
Jančura,properNoun
be bulky,verb
damp,adjective
rappel,noun
gum,verb
dithyramb,noun
heparin,noun
cash register,noun
apocalypse,noun
spring tide,noun
symbology,noun
calcite,noun
nanny,noun
strut,noun
Nobel Peace prize,noun
Kyprianou,properNoun
bias,verb
pronouncement,noun
chemically,adverb
genealogy,noun
affably,adverb
keep to the right,verb
Chamorro,properNoun
mosquito,noun
punchball,noun
nomothetical,adjective
estrangement,noun
leeward,noun
great-grandmother,noun
ovarian,adjective
vivisection,noun
clampdown,noun
Karlsruhe,properNoun
ohm,noun
masterclass,noun
thermometric,adjective
gazette,noun
metamorphic,adjective
Wi-Fi,properNoun
juniper,noun
be good-natured,verb
aperitif,noun
till,verb
inter alia,adverb
retinoblastoma,noun
arsenic,noun
distressedly,adverb
ad nauseam,adverb
with great pain,adverb
lexicography,noun
antiballistic,adjective
hiccup,noun
silty,adjective
phonology,noun
handicrafts,noun
gizzard,noun
kayak,noun
coercive,adjective
freewill,noun
DSL,noun
deceased,noun
Muñoz,properNoun
first-half,noun
cowgirl,noun
pompom,noun
run for,verb
Aramaic,noun
wrench,noun
commensurability,noun
Garnier,properNoun
Ashland,properNoun
ikurrina of the port of pasaia,properNoun
Schrödinger,properNoun
follow suit,verb
post-modernism,noun
arthrology,noun
cadmium,noun
orthocenter,noun
windsurfing,noun
Arteixo,properNoun
sulphurous,adjective
observational,adjective
corymb,noun
gypsum,noun
indeterminable,adjective
somersault,noun
venezuelan,adjective
tangency,noun
iPad,properNoun
polysemic,adjective
camouflage,noun
artifice,noun
two hundredth,determiner
counter-intelligence,noun
protestant,adjective
dehydrate,verb
dwelling,noun
israeli,adjective
quantum,noun
introspective,adjective
ramen,noun
fork,verb
diction,noun
wizard,noun
outset,noun
polyp,noun
saprophagous,adjective
basic issue,noun
tautophonic,adjective
disconcertingly,adverb
cambodian,adjective
horseshoe,noun
Jersey,properNoun
Chanukah,noun
torch,noun
anatomical,adjective
vertebra,noun
hang up,verb
diastole,noun
dashboard,noun
upset,adjective
IDF,noun
metamorphosis,noun
state of the nation,noun
solidify,verb
reindeer,noun
animism,noun
interim solution,noun
gremial,adjective
bathrobe,noun
hemiparesis,noun
galvanometer,noun
Lertxundi,properNoun
sandy area,noun
treble,noun
musicality,noun
topological,adjective
tract,noun
easel,noun
nutritional,adjective
cartographic,adjective
ribosome,noun
paronymic,adjective
start afresh,verb
conformal,adjective
hygrophilous,adjective
peridotite,noun
Relax,properNoun
Fourier,properNoun
Guantánamo Bay,properNoun
groove,verb
Garaizar,properNoun
Agustín Díaz de Mera García Consuegra,properNoun
Casasayas,properNoun
pass by,verb
refraction,noun
National High Court,noun
still less,adverb
Pataky,properNoun
North Ossetia,properNoun
carpus,noun
under construction,adverb
etymon,noun
United States Secretary of State,noun
subjectivism,noun
legal profession,noun
recorder,adjective
Cantabrian,adjective
squalid,adjective
kickoff,noun
fleamarket in Madrid,noun
to be followed,subordinatingConjunction
fungible,adjective
platykurtic,adjective
Buckingham Palace,properNoun
centenary,noun
nacre,noun
the great outdoors,noun
neuropteron,noun
competitively,adverb
New Siberian Islands,properNoun
credulously,adverb
sommelier,noun
ingot,noun
mammalogy,noun
narration,noun
Moya,properNoun
yesterday morning,adverb
hyperemia,noun
piss,verb
lambda,noun
southward,adjective
geolocate,verb
intestate,adjective
halide,noun
Frenchwoman,noun
scorching,adjective
toboggan,noun
King,properNoun
immensity,noun
a billion,numeral
orogeny,noun
Blak,properNoun
hack,noun
amorphous,adjective
conveyor,noun
caress,noun
deceitfully,adverb
nativity play,noun
persuasion,noun
lexicon,noun
teratoma,noun
Xoxe,properNoun
lingual,adjective
Abascal,properNoun
neurologist,noun
Cabo da Cruz,properNoun
isobathic,adjective
proem,noun
coincidental,adjective
cornea,noun
quail,noun
anuran,noun
Manila,properNoun
clapper,noun
voyeurism,noun
invalidation,noun
safe-conduct,noun
navigational aid,noun
Ivanov,properNoun
conserve,verb
knight of the Round Table,noun
tangential,adjective
interosseous,adjective
dacite,noun
truffle,noun
inert,adjective
math,noun
carnivorous,adjective
tire,verb
arithmetical,adjective
pheocromocytoma,noun
malayan,adjective
basque observatory of culture,noun
magnetosphere,noun
at first hand,adverb
egotistic,adjective
self-expression,noun
georeference,verb
Tamayo,properNoun
personage,noun
radiotelephony,noun
incoherently,adverb
self-promotion,noun
by the skin of her teeth,adverb
detainee,noun
aqueous,adjective
by the present,adverb
twig,noun
shears,noun
astounded,adjective
ampicillin,noun
retarded,adjective
Urcabal,properNoun
darkening,noun
electrician,noun
changing room,noun
pleasantly,adverb
editable,adjective
organography,noun
einsteinium,noun
Bermeo Hiriko,properNoun
Néjib,properNoun
tritium,noun
disciplined,adjective
car industry,noun
iodized,adjective
by association of ideas,subordinatingConjunction
euroregion,noun
medallion,noun
octal,adjective
albino,adjective
Reeves,properNoun
board of directors,noun
isotropic,adjective
Siemens,properNoun
the other way round,adverb
decolonisation,noun
norwegian,adjective
clearance sale,noun
sacrilegious,adjective
keypad,noun
in extremis,adverb
Contreras,properNoun
hence,subordinatingConjunction
juridic person,noun
hyssop,noun
downcast,adjective
out of context,adverb
Biwer,properNoun
work of art,noun
reactance,noun
lo and behold,adverb
glitzy,adjective
Saxon,noun
high water,noun
vibratory,adjective
frugality,noun
Munilla,properNoun
oesophagoscopy,noun
supersaturation,noun
Botswana,properNoun
bulbous,adjective
Hispanic,noun
pyrophilous,adjective
Persiles,properNoun
tag,noun
pleura,noun
iridium,noun
haughty,adjective
ANP,properNoun
Pacific coast,noun
Apollo,properNoun
strand,noun
loom,noun
Murphy,properNoun
Aguilera,properNoun
be worth it,verb
booklet,noun
blessed,adjective
oboe,noun
hospice,noun
nine hundredth,determiner
remain in force,verb
court's decision,noun
Their Majesties,noun
alarmist,adjective
photoionisation,noun
FSB,properNoun
psammophilous,adjective
embolism,noun
clockwork,noun
characteristically,adverb
Zarautz,properNoun
down to the last detail,subordinatingConjunction
interlocutory,adjective
antireflexive,adjective
rodent,noun
cephalic,adjective
lactiferous,adjective
mutual fund,noun
MySQL,properNoun
for the meantime,adverb
Coulomb,properNoun
vertically,adverb
pyjamas,noun
monolingual,adjective
marsh,noun
salami,noun
chromatogram,noun
till lately,adverb
urbanity,noun
enclosed,adjective
put across,verb
Llosa,properNoun
corporally,adverb
denitrification,noun
subjunctive,noun
madrilenian,adjective
inflectional,adjective
eject,verb
viscosity,noun
putty,noun
LGT,noun
cystoscopy,noun
be a great help,verb
Hondarribia,properNoun
anxiously,adverb
jeweller,noun
shade,verb
stewardess,noun
on line,adverb
environmentally,adverb
Spanish Army,properNoun
rump,noun
pennant,noun
in reply,adverb
Mariona,properNoun
at good cost,adverb
Indra,properNoun
gallbladder,noun
Villoro,properNoun
solvency,noun
feature film,noun
follow the plot,verb
crypt,noun
CisJordan,properNoun
condensed matter physics,noun
bloodless,adjective
hygrometer,noun
scholastic,adjective
semi-presidential,adjective
footpath,noun
thickly,adverb
diffraction,noun
Alario,properNoun
Mérida,properNoun
watchmaker,noun
twilight,adjective
overture,noun
amperometry,noun
copper,adjective
helicoidal,adjective
Timbuktu,properNoun
denumerable,adjective
Ohm,properNoun
desiccation,noun
cacophonic,adjective
synergistic,adjective
preschool,adjective
acidification,noun
self-criticism,noun
in no case,adverb
eczema,noun
Guadarrama,properNoun
wireless,adjective
antistatic,adjective
irrepressible,adjective
PSE,properNoun
Díez,properNoun
alopecia,noun
technical consultancy,noun
alluring,adjective
entomology,noun
downloadable,adjective
rosewood,noun
pram,noun
toponymy,noun
Garmin,properNoun
photoengraving,noun
abattoir,noun
algorithmic,adjective
best skipper,noun
scaly,adjective
tavern,noun
crest,noun
Bell,properNoun
decayed,adjective
mitre,noun
leverage,noun
plutonium,noun
quipu,noun
mexican,adjective
on its own name,adverb
Hacce Soluciones TIC,properNoun
pouffe,noun
Hippolyte,properNoun
bun,noun
devise,verb
semi-automatic,adjective
guard dog,noun
mat,adjective
armrest,noun
substring,noun
Schwinger,properNoun
debunk,verb
invertebrate,noun
military action,noun
colemanite,noun
batiste,noun
Ethernet,noun
riveting,adjective
wash basin,noun
British Virgin Islands,properNoun
John of God,properNoun
aggravating,adjective
exposed,adjective
conventionalist,adjective
coding,noun
andean,adjective
preceptively,adverb
magnify,verb
amalgamate,verb
above board,adverb
to the fore,adverb
indonesian,adjective
prostaglandin,noun
cumin,noun
Domènech,properNoun
nectar,noun
in danger,adverb
elk,noun
bevel-edged,adjective
Roldán,properNoun
political figure,noun
genicular,adjective
monotheistic,adjective
genotype,noun
non-functionally,adverb
Spanish Broadcasting Corporation,properNoun
treatable,adjective
uncut,adjective
way down below,adverb
ambrosia,noun
sinuatrial node,noun
corneal,adjective
just around the corner,adverb
out of control,adverb
lysosomal,adjective
exulting,adjective
germanic,adjective
alas,adverb
monograph,noun
Marchena Island,properNoun
filth,noun
octahedral,adjective
McShee,properNoun
psaltery,noun
yearn for,verb
helminth,noun
basis of truth,noun
Bécquer,properNoun
Algorta,properNoun
bus stop,noun
mamma,noun
blueberry,noun
Fradejas,properNoun
INTA,properNoun
exchange rate,noun
Virgin Islands,properNoun
refutation,noun
Stallone,properNoun
off-stage,adverb
refractor,noun
overthrow,noun
marzipan,noun
crowbar,noun
felt,noun
grant an amnesty to,verb
umbrella stand,noun
subscapular,adjective
keep on pulling at the rope,verb
stalagmite,noun
unfettered,adjective
universalism,noun
nonappearance,noun
Gaya,properNoun
Gates,properNoun
irreducible,adjective
EFE,properNoun
decouple,verb
sulfur,noun
kaiser,noun
circa,adverb
moldable,adjective
Viator,properNoun
roebuck,noun
Pizarro,properNoun
isolatedly,adverb
pre-existing,adjective
Valcárcel,properNoun
place in front,verb
asbestos,noun
Denning,properNoun
capital grant,noun
nettle,noun
rowing club,noun
Laboa,properNoun
to be exact,adverb
pharmacopoeia,noun
amicable,adjective
fuse,verb
compensation code,noun
anisotropic,adjective
protuberance,noun
compiler,noun
wading bird,noun
dentalisation,noun
nudist,adjective
Espasa Calpe,properNoun
Alarcón,properNoun
amalgamation,noun
poetics,noun
retractation,noun
absorber,noun
insolent,adjective
oat,noun
washbasin,noun
extrusion,noun
stucco,noun
inhospitality,noun
ikastola,noun
heterotrophic,adjective
cladogram,noun
tesla,noun
undershirt,noun
incentive trip,noun
ambient,adjective
urban area,noun
cardioid,noun
ooze,noun
baby sitter,noun
affectionate,adjective
ionic,adjective
set fire to,verb
calorimetry,noun
bibliometrics,noun
lessen,verb
eyewitness,noun
alveolar,adjective
for reasons of health,adverb
atomist,noun
Potonik,properNoun
criminal conspiracy,noun
synchronism,noun
greengrocer,noun
sudanese,adjective
muslin,noun
rule-based,adjective
puncture,noun
the cure is worse than the cause,interjection
multipurpose,adjective
clavichord,noun
approachable,adjective
categorial,adjective
barrage,noun
pessimist,adjective
borough,noun
exhume,verb
Vizcaya,properNoun
intimidate,verb
what follows,subordinatingConjunction
windpipe,noun
repulsion,noun
transparently,adverb
bait,noun
glycolipid,noun
unworthy,adjective
proconsulate,noun
reservist,noun
tourist coordinator,noun
port of pasaia,properNoun
snatch,verb
Ventre,properNoun
epicycloidal,adjective
abominably,adverb
miniaturisation,noun
knited skirt,noun
tensor,noun
rule-based machine translation,noun
financial rescue plan,noun
collenchyma,noun
keep hot,verb
imperfect,adjective
de Mendoza,properNoun
answerable,adjective
solidification,noun
abstainer,adjective
fiord,noun
sesame,noun
Samaniego Guerra,properNoun
crackdown,noun
can opener,noun
diencephalon,noun
latency,noun
royal court,noun
repopulation,noun
Thomism,noun
mozambican,adjective
unmodifiable,adjective
Molina,properNoun
regulation ball,noun
platelet,noun
electromotive,adjective
bituminous,adjective
coprime,noun
flood of people,noun
hire purchase,noun
at the beginning of,preposition
ethylamine,noun
grandma,noun
primrose,noun
Marine,properNoun
steel,verb
conduct a thorough investigation,verb
automobile,noun
hold on to,verb
liquidiser,noun
House of Representatives,noun
comanagement,noun
by the skin of its teeth,adverb
hodman,noun
cease fire,noun
canonical,adjective
High Contracting Party,noun
Shakhtar,properNoun
grudge,noun
braces,noun
Ibáñez,properNoun
male,adjective
become the norm,verb
nonexistent,adjective
FA Cup,properNoun
Lesotho,properNoun
concatenate,verb
radionuclide,noun
gingerbread,noun
schism,noun
peasantry,noun
assiduousness,noun
missing,adjective
fair-haired,adjective
high point,noun
ruminant,noun
CAIXANOVA,properNoun
firecracker,noun
prohibitionist,adjective
Proust,properNoun
General Headquarters,properNoun
inharmonic,adjective
a-z,noun
spiritism,noun
Dietrich,properNoun
nom de plume,noun
credulity,noun
sexology,noun
platonism,noun
isomorphic,adjective
thickener,noun
Jovian,adjective
fiat currency,noun
somatopsychic,adjective
be damaged by hail,verb
European Union Force,properNoun
hobby,noun
role model,noun
Canary Islands,properNoun
wilting,noun
go through customs,verb
paraphernal,adjective
five-fold,adjective
Irasuegui,properNoun
amethyst,adjective
exhausting,adjective
social democracy,noun
in few words,adverb
perennial,adjective
unwisely,adverb
sinking fund,noun
zodiac,noun
turnery,noun
nucleoside,noun
frigidity,noun
solvent,noun
obsidian,noun
landmark,noun
supplantation,noun
get bored,verb
WEU,properNoun
basophilia,noun
Cuevas,properNoun
Addis Ababa,properNoun
epimorphism,noun
mountain of books,noun
give respite,verb
underdevelopment,noun
holotype,noun
monetarism,noun
double bass,noun
hilarity,noun
reflector,noun
serial port,noun
spill,noun
Eusko Label,properNoun
candidly,adverb
veracity,noun
concealment,noun
hastily,adverb
distractedly,adverb
Passover,properNoun
unabridged summary,noun
et al,noun
fibroblastic,adjective
incongruous,adjective
scandinavian,adjective
corpus-based machine translation,noun
impact,verb
loquacious,adjective
off campus,adverb
in no way,adverb
sarcopenia,noun
Romanian,noun
pepper,verb
greenfinch,noun
seismology,noun
be skilful,verb
wall,verb
capital punishment,noun
be still thinking,verb
half of the way,adverb
stumble,noun
remain stable,verb
perestroika,noun
biotechnology,noun
deontology,noun
Gabilondo,properNoun
stout-hearted,adjective
besieged,adjective
fundamental right,noun
evil deed,noun
emulsify,verb
allegorical,adjective
come off worst,verb
marijuana,noun
annul,verb
betacism,noun
keep out of the reach of children,verb
salesman,noun
consumerism,noun
gas,adjective
swift,adjective
thank for,verb
Lambert,properNoun
act of God,noun
vapour,noun
killed in action,adjective
concentrator,noun
authentication,noun
arguable,adjective
Iphigenia,properNoun
microstructure,noun
oyster,noun
uneducated,adjective
chitin,noun
good-looking,adjective
italian,adjective
cytoplasmic,adjective
obtain prominence,verb
homophony,noun
helium,noun
chuck,verb
Pasquier,properNoun
selenite,noun
SPICE,properNoun
Pinochet,properNoun
service industries,noun
joule,noun
under licence,adverb
surrealist,noun
Coisidó,properNoun
xylem,noun
to perfection,adverb
keep the fire going,verb
flocculus,noun
unsustainable,adjective
fluently,adverb
Jehovah,properNoun
forensic,adjective
escort,noun
with particular attention to,subordinatingConjunction
handy,adjective
fireplace,noun
Alcalá,properNoun
telediffusion,noun
musketeer,noun
soiled,adjective
evanescent,adjective
buoy,verb
rum,noun
acidify,verb
bonsai,noun
irreversibility,noun
Malay,noun
remainder,noun
invariant,adjective
Natàlia,properNoun
self-lubricating,adjective
mourn,verb
be very deep,verb
UOC,noun
hike,verb
male chauvinist,noun
biorhythm,noun
boldly,adverb
sink,noun
Alvargonzález,properNoun
loveliness,noun
Belo Horizonte,properNoun
alcalinise,verb
Tomonaga,properNoun
EUFOR,properNoun
termination,noun
iridescent,adjective
O'Grady,properNoun
gnomon,noun
homeostasis,noun
Improvised Explosive Devices,properNoun
quantum,adjective
Servicristal,properNoun
scrollable,adjective
ionospheric,adjective
form a united front,verb
with each passing day,adverb
trirectangular,adjective
destitution,noun
concertmaster,noun
dill,noun
beef loin,noun
whatever happens,subordinatingConjunction
warring,adjective
population density,noun
communicability,noun
configurator,noun
petty bourgeoisie,noun
belated,adjective
stifle,verb
zoogeography,noun
indigestion,noun
cosmology,noun
curtailment,noun
Besson,properNoun
unkind,adjective
celebrated,adjective
funky,noun
stock exchange,noun
Recife,properNoun
defeatism,noun
sty,noun
adverbial,adjective
manna,noun
apostolically,adverb
twice a year,adverb
item on the agenda,noun
repatriate,verb
regarding this matter,adverb
civil association,noun
gastrula,noun
deck,noun
courgette,noun
granuloma,noun
boracite,noun
resurgence,noun
solenoid,noun
modifiable,adjective
explainable,adjective
quoted,adjective
in a clockwise direction,adverb
acme,noun
ampelography,noun
as you go in,adverb
self-taught person,noun
disinterested,adjective
reticular,adjective
Cervantes Society of America,properNoun
discordant,adjective
parenchyma,noun
conjunctivitis,noun
paralinguistic,adjective
tramp,noun
Lorentz,properNoun
Arbós,properNoun
alumina,noun
isobar,noun
Electricity Advisory Board,properNoun
Dow Jones,properNoun
furiously,adverb
Schröder,properNoun
crucial point,noun
vegan,noun
superbly,adverb
mark the rhythm,verb
hygrometry,noun
Margalida,properNoun
Indian Ocean,properNoun
for nothing,adverb
brandish,verb
mediterranean,adjective
amphora,noun
sophisticated,adjective
relocatable,adjective
headway,noun
in a single place,adverb
luminescent,adjective
string theory,noun
common fund,noun
superstratum,noun
ladle,noun
compensator,noun
at midday yesterday,adverb
hive,noun
hafnium,noun
abject,adjective
trite,adjective
haunted,adjective
diligently,adverb
germanism,noun
incommensurable,adjective
San José de Cúcuta,properNoun
peninsular,adjective
pollination,noun
boring,adjective
esterification,noun
mummification,noun
radiator,noun
anticlerical,adjective
ptyalin,noun
hypertrophy,noun
buoy,noun
Mozarab,noun
esoteric,adjective
usefulness,noun
augite,noun
hawaiian,adjective
outrage,noun
O'Reilly,properNoun
coil up,verb
imperceptible,adjective
foodborne,adjective
onyx,noun
static,adjective
prescriptible,adjective
metronome,noun
narcissism,noun
post-modernity,noun
thrombin,noun
Stéphanie of Monaco,properNoun
Berganza,properNoun
chivalry,noun
deed,noun
fragrant,adjective
syllabic,adjective
extermination,noun
glans,noun
known,adjective
in this regard,subordinatingConjunction
reentry,noun
Frahm,properNoun
Abrial,properNoun
flip,noun
Saavedra,properNoun
oil platform,noun
extrapolate,verb
amazonite,noun
refining,noun
bulgarian,adjective
footstool,noun
retrospectively,adverb
inductance,noun
Sussman,properNoun
ore,noun
amine,noun
voluntary redundancy,noun
myelin,noun
World War I,properNoun
design fault,noun
unicoloured,adjective
oiler,noun
perfectionism,noun
maltese,adjective
yet still,adverb
plummet,verb
Portugalete,properNoun
paleontological,adjective
annelid,noun
geocentric,adjective
familiarise,verb
plummet,noun
Maoism,noun
isthmus,noun
Rosado,properNoun
Trintxerpeko,properNoun
intrinsic,adjective
hitchhiking,noun
atomiser,noun
almighty,adjective
heat source,noun
spine-chilling,adjective
vulcanology,noun
heartbreaking,adjective
twinaxial,adjective
one after another,adverb
boldface,noun
strident,adjective
remuneration,noun
lacustrine,adjective
arachnoid,noun
millenium bug,noun
Super BM,properNoun
functionary,noun
ikurrina,noun
anticoagulant,noun
judaic,adjective
purchasing aid,noun
goose,noun
kPa,noun
microcontroller,noun
extravagance,noun
maxwell,noun
glycoprotein,noun
toning,noun
immature,adjective
antiderivative,noun
ACB,properNoun
private enterprise,noun
knotted,adjective
Prieto,properNoun
machine operator,noun
trill,noun
vergence,noun
de la Cruz,properNoun
DELE,properNoun
spawn,verb
more than,preposition
make a frontal attack,verb
energise,verb
canopy,noun
patch,verb
reorient,verb
isopleth,noun
by a majority,adverb
pulp,noun
chieftain,noun
Getxo,properNoun
knowledgeable,adjective
export incentive,noun
make pleasant,verb
dyeing,noun
CDTI,properNoun
expo,noun
casino,noun
postage,noun
arrive right on time,verb
opium,noun
lodge,noun
Avedillo Carretero,properNoun
calculatedly,adverb
empowerly,adverb
refrangibility,noun
international monetary fund,noun
ratchet,noun
intraspecific,adjective
Audiovisual Media,properNoun
translocation,noun
ambivalent,adjective
Real Sociedad,properNoun
Getaria,properNoun
pen name,noun
sweetener,noun
exasperate,verb
reestablish order,verb
photolithographic,adjective
Oracle,properNoun
Euskadi Irratia,properNoun
exhale,verb
aircraft carrier,noun
Byrne,properNoun
infidelity,noun
recital,noun
subcostal,adjective
British Isles,properNoun
reversionary,adjective
strapping,noun
audaciously,adverb
boomerang,noun
tomorrow afternoon,adverb
adenine,noun
lace up,verb
take refuge,verb
transvestism,noun
Agostinacchio,properNoun
adventuress,noun
takeoff,noun
biotite,noun
hyperlink,noun
instruction for use,noun
taxi stand,noun
archaeologist,noun
tooling,noun
free association,noun
croquette,noun
anachronistic,adjective
fovea,noun
Casablanca,properNoun
indubitably,adverb
Dior,properNoun
residents' association,noun
simultaneity,noun
Scipion,properNoun
Euskotren,properNoun
credit expiration,noun
renunciation,noun
Galinus,properNoun
Reykjavik,properNoun
impassioned,adjective
assay,verb
shrew,noun
coronary,adjective
batch of documents,noun
fire alarm,noun
stellar,adjective
pressure cooker,noun
economic recovery,noun
very soon,adverb
Cl-,noun
gut,noun
managing,adjective
agoraphobia,noun
EMACOT,properNoun
straight across,preposition
ultrapure,adjective
triathlon,noun
Greenpeace,properNoun
Artigas,properNoun
sonic,adjective
diplomatically,adverb
Grafilur,properNoun
fallacious,adjective
english,adjective
broadband,adjective
violet,noun
leucine,noun
deanship,noun
Cano,properNoun
hasty,adjective
perennial,noun
kinetical,adjective
in love,adjective
Austro-Hungarian Empire,properNoun
rupicolous,adjective
rowing association of the Bay of Biscay,noun
bookseller,noun
Ciudad Real,properNoun
safety goggles,noun
anytime,adverb
Newtonian,adjective
matrilineal,adjective
gangrene,noun
offside,adverb
photomontage,noun
nitrile,noun
consequential,adjective
idolise,verb
roving,adjective
diadem,noun
obedient,adjective
propositional,adjective
involute,noun
routinisation,noun
gymnastic,adjective
season,verb
hyacinth,noun
Neus,properNoun
acanthus,noun
Soderling,properNoun
caller,noun
ebullient,adjective
as a private individual,subordinatingConjunction
vale,noun
idealise,verb
coauthor,noun
cavatina,noun
tenacity,noun
paddy,noun
its,adjective
illustrator,noun
paperweight,noun
pluperfect,noun
astonishingly,adverb
Ceausescu,properNoun
consonantal,adjective
Korta,properNoun
usefully,adverb
Costa del Sol,properNoun
two-phase,adjective
high-temperature superconductivity,noun
plunder,verb
Spanish,noun
technostructure,noun
glasses,noun
be on remanded,verb
funiculus,noun
polarography,noun
nepalese,adjective
barograph,noun
naturalise,verb
get excited,verb
entropy,noun
airwoman,noun
be irrepressibly cheerful,verb
sanskrit,noun
saturnism,noun
abduction,noun
marbled,adjective
zealous,adjective
Caja Madrid,properNoun
latin,noun
otalgia,noun
in the past,adverb
Kubo,properNoun
rhombic,adjective
major prominence,noun
minor offence,noun
long-awaited,adjective
Pasajes San Pedro,properNoun
on the verge of war,adverb
be a disappointment,verb
tomato paste,noun
make history,verb
electronics,noun
until further orders,adverb
coprecipitation,noun
deconcentration,noun
trump,verb
Stallion Bank of the Army,properNoun
be deep,verb
pontoon,noun
Astelena,properNoun
crystalline,adjective
pedicel,noun
phonograph,noun
tonsil,noun
pad,noun
pickle,noun
adamantly,adverb
illumination,noun
oxidation,noun
desinvestment,noun
factorial,adjective
adimensional,adjective
bamboo,noun
choral,noun
benignity,noun
public order,noun
near,verb
itself,reflexivePersonalPronoun
austrian,adjective
Directorate General of Ordnance,properNoun
invertible,adjective
World Wide Web,properNoun
impetuous,adjective
overburden,adjective
ephemeris,noun
peddling,noun
epistemic,adjective
optionally,adverb
next,adverb
acuteness,noun
exoskeleton,noun
lamely,adverb
sinusoidal,adjective
histamine,noun
impaler,noun
peep out,verb
cloning,noun
labour union,noun
meridian,adjective
share capital,noun
apocryphally,adverb
employers' association,noun
International Monetary Fund,properNoun
pretty much,adverb
on a tightrope,adverb
innocently,adverb
antihiatic,adjective
down there,adverb
take responsibility,verb
in broad daylight,adverb
avaricious,adjective
International Security Assistance Force,properNoun
non-recoverable,adjective
thankful,adjective
dissimulation,noun
scrotum,noun
troubled water,noun
inefficiency,noun
profitably,adverb
doom,verb
deep down,adverb
erbium,noun
chlorination,noun
saltpetre,noun
rainbow,noun
Nepalese,noun
Kila,properNoun
actinium,noun
shot-putter,noun
hydratation,noun
leukopenia,noun
Friendfeed,properNoun
sorrel,noun
angiosperm,noun
any day now,adverb
swapping,noun
Phelps,properNoun
chick,noun
chameleon,noun
leprosarium,noun
dicotyledon,noun
non-profit organisation,noun
for one moment,adverb
albedo,noun
Alonso,properNoun
contactable,adjective
phenol,noun
abrasive,adjective
circumcision,noun
neighbourly,adjective
Brazomar,properNoun
maiden,adjective
CIDOB,properNoun
Vogels,properNoun
discoloration,noun
rhomboidal,adjective
amphibology,noun
have particular importance,verb
Erriko Kirolak,properNoun
flag of riveira city,properNoun
aerobic,adjective
saudi arabian,adjective
Tomelloso,properNoun
shamanism,noun
iterate,verb
in high season,adverb
life sentence,noun
lorry driver,noun
nucleoplasm,noun
actin,noun
iTunes,properNoun
incumbent,adjective
raspberry,noun
nail polish remover,noun
indecision,noun
TeV,noun
petrify,verb
bauxite,noun
whitish,adjective
preliminary draft,noun
tourism package deal,noun
phototransistor,noun
participatory,adjective
intercommunicator,noun
blogger,noun
mantissa,noun
semiquaver,noun
Galician Royal Academy,properNoun
cubital,adjective
electromagnetism,noun
Churchill,properNoun
Bobadilla,properNoun
arabian,adjective
short film,noun
anglicism,noun
Lasartean,adjective
Barrot,properNoun
home address,noun
have a veto,verb
incomparable,adjective
Juárez,properNoun
measurable,adjective
decoction,noun
lobule,noun
El Correo,properNoun
Bagnasco,properNoun
prime,verb
gibraltarian,adjective
oesophagus,noun
basil,noun
abyssal,adjective
baluster,noun
make public,verb
life style,noun
Kidman,properNoun
Johnson-Sirleaf,properNoun
Bretton Woods,properNoun
abhor,verb
seasoning,noun
forward sale,noun
genetics,noun
Inciarte,properNoun
bellows,noun
southwards,adverb
genealogical,adjective
cataclysm,noun
decasyllable,noun
daylight,noun
guinea pig,noun
polymerisation,noun
peculiarity,noun
recommended,adjective
punctuality,noun
decanter,noun
randomisation,noun
thermometry,noun
ventilate,verb
refugee camp,noun
ROA,properNoun
on an international scale,adverb
phenology,noun
napoleonic,adjective
homewards,adverb
ugandan,adjective
Thales of Miletus,properNoun
showcase,verb
counterexample,noun
jurisprudential,adjective
Panza,properNoun
for the moment,adverb
be gored,verb
snub,verb
voltmeter,noun
cruise,verb
trigonal,adjective
advent,noun
the olden days,adverb
clerically,adverb
homozygote,noun
discouraged,adjective
crux of the problem,noun
scrooge,noun
kafkaesque,adjective
account number,noun
Keane,properNoun
Cold War,properNoun
nigerian,adjective
live opposite,verb
bakelite,noun
agnostic,adjective
honduran,adjective
Armed Forces,properNoun
go over to the enemy,verb
Mansfield,properNoun
sympatric,adjective
o'clock,adverb
Euskolabel,properNoun
a while,adverb
Piebalgs,properNoun
deafness,noun
co-opt,verb
fibrillation,noun
hanged,adjective
giggle,noun
arrogant,adjective
thymecthomy,noun
neoplasia,noun
pore,noun
folketing,noun
herring,noun
premium,noun
make impossible,verb
Cartagena of the Indies,properNoun
pathogen,noun
proparoxytone,adjective
football match,noun
RAM,noun
platonic,adjective
pseudoscience,noun
catholicism,noun
inscrutable,adjective
unashamed,adjective
obtuse,adjective
López del Burro,properNoun
pellet,noun
nesting,noun
rheostatic,adjective
come to an end,verb
hexagon,noun
disconcerting,adjective
teak,noun
cornish,adjective
maple,noun
agnosticism,noun
ampul,noun
tautology,noun
classicist,noun
foam,verb
every year,adverb
woody,adjective
memorisation,noun
implicitly,adverb
spinet,noun
apatite,noun
french,adjective
lobbying,noun
microbiological,adjective
euryene,adjective
killed,adjective
liken,verb
xerography,noun
orthopaedics,noun
luminance,noun
largo,adverb
optocoupler,noun
commercially oriented domain,noun
Peiró i Victorí,properNoun
macroscopic,adjective
frosted,adjective
proudly,adverb
probing,adjective
vocative,noun
secret fund,noun
resulting,adjective
Heineken Jazzaldia,properNoun
photometric,adjective
leaching,noun
faeces,noun
come close,verb
saudi,adjective
in order that,subordinatingConjunction
anti-globalisation,noun
tech,noun
diagonally,adverb
decoupling,noun
squash court,noun
addressee,noun
creep,verb
Armoured Infantry Brigade,properNoun
depending upon,subordinatingConjunction
pseudoprime,adjective
space tourism,noun
colonist,noun
disyllabic,adjective
petrol pump attendant,noun
sidecar,noun
in awe,adjective
F-5,properNoun
follower,adjective
agronomist,noun
bloated,adjective
projector,noun
flower-bed,noun
pebble,noun
move aside,verb
Trintxerpe,properNoun
bronzework,noun
bar code,noun
squander,verb
soppy,adjective
background music,noun
unintelligible,adjective
detritivore,noun
rose quartz,noun
axis,adjective
supply route,noun
cooked,adjective
desquamation,noun
ataxia,noun
wildcat,noun
remodel,verb
blocking,adjective
Tàpies,properNoun
leech,noun
act of nature,noun
lifeless,adjective
hydrogenation,noun
balloons seller,noun
reagent,noun
pungent,adjective
attaché's office,noun
cursor,noun
groundwater,noun
magnetochemistry,noun
vibrate,verb
thrice,adverb
gross sale,noun
oxymoron,noun
sentential,adjective
Ávila de los leales,properNoun
interactively,adverb
walk sideways,verb
bye,interjection
in concert,adverb
cypriot,adjective
irresistibly,adverb
rinse,noun
Cuéllar,properNoun
injector,noun
Windward Islands,properNoun
Lagun Aro,properNoun
full sentence,noun
rimaye,noun
annulment,noun
behaviourism,noun
end in tragedy,verb
antagonistic,adjective
piacular,adjective
computational,adjective
jacobian,adjective
terrified,adjective
mammography,noun
hydrostatics,noun
blackberry,noun
tabulate,verb
Ghost of Christmas Yet To Come,properNoun
interconnect,verb
cladistic,adjective
proportionate,adjective
heterogamy,noun
NGO,properNoun
Albiñana,properNoun
Ripoll,properNoun
circularly,adverb
off-line,adjective
Chirac,properNoun
centralisation,noun
A/H5N1,noun
Garcíadiego,properNoun
godmother,noun
Lenarčič,properNoun
carbuncle,noun
obsessed,adjective
at any rate,adverb
autarchic,adjective
thermoelectric,adjective
culinary,adjective
Rodrigo,properNoun
cross stitch,noun
in an easterly direction,adverb
reprint,noun
telephonically,adverb
Tejada,properNoun
saturated,adjective
Santarella,properNoun
knead,verb
futility,noun
week by week,adverb
ex-president,noun
phototype,noun
Arkote,properNoun
micelle,noun
koine,noun
paramagnetism,noun
blackness,noun
testable,adjective
microbiology,noun
determinable,adjective
anti-rust,adjective
fluent,adjective
dualism,noun
pony,noun
peripteral,adjective
rosette,noun
foundry,noun
chancre,noun
Orio,properNoun
nil,noun
bearer,noun
phonendoscope,noun
as come in,verb
engender,verb
endocarp,noun
top economist,noun
cease-fire,noun
henna,noun
catholic,adjective
melanocyte,noun
eggnog,noun
subsonic,adjective
curler,noun
Hallyday,properNoun
smash into,verb
denotation,noun
North Korea,properNoun
homopolar,adjective
caper,noun
pericarp,noun
chilean,adjective
tumult,noun
mixer,noun
cusp,noun
phytogeography,noun
washbowl,noun
electrolyte,noun
deconstructivist,noun
antonomastically,adverb
Farrell,properNoun
prostyle,adjective
Galilei,properNoun
lone,adjective
computer,adjective
lemonade,noun
motorisation,noun
ingenious,adjective
airy,adjective
Aviocar,properNoun
University of Virginia,properNoun
deft,adjective
bard,noun
railcar,noun
auricular,adjective
custom development,noun
bend down,verb
exemplification,noun
imposter,noun
tweet,noun
little by little,adverb
puritanism,noun
aquaculture,noun
be at the top,verb
continue tomorrow,verb
dasymetric,adjective
ice-cream shop,noun
classificatory,noun
AlhóndigaBilbao,properNoun
Last Supper,properNoun
allied,adjective
out of use,adverb
isotropy,noun
castrated,adjective
go through a crisis,verb
Duffy,properNoun
tasteless,adjective
angularly,adverb
more and more,adverb
honeycomb,noun
mathematically,adverb
ache,verb
Guzman,properNoun
bronchus,noun
anteroom,noun
stratospheric ozone depletion,noun
historicism,noun
skid,noun
zeolite,noun
affront,verb
decantation,noun
Minsheu,properNoun
Nokia,properNoun
in seventh heaven,adverb
anguished,adjective
high tide,noun
vanadium,noun
seductress,noun
early repayment,noun
contributor,noun
Dopplr,properNoun
His Highness,noun
postwar period,noun
air-to-air,adjective
peremptory,adjective
one-dimensional,adjective
relaunching,noun
bustle about,verb
elected,noun
offering,noun
pairing,noun
bird watching,noun
at the outside,adverb
by the skin of his teeth,adverb
Pöttering,properNoun
legal advice,noun
showercap,noun
jalapeño,noun
pasty,adjective
pupillary,adjective
polygamous,adjective
identifier,noun
subfamily,noun
poorly,adverb
magnetic resonance imaging,noun
drupe,noun
great-grandfather,noun
fraternity,noun
tinction,noun
Espel,properNoun
Atlantic-Cantabrian coast,noun
dissimilation,noun
minicomputer,noun
carpenter,noun
Jaimie,properNoun
labiodental,adjective
walled,adjective
idiosyncrasy,noun
scourer,noun
optoelectronical,adjective
grenadier,noun
equivocal,adjective
investment fund,noun
anti-nuclear,adjective
impropriety,noun
numerology,noun
Airborne Brigade,properNoun
Hydrocarbons Advisory Board,properNoun
triplicity,noun
concretise,verb
wow,interjection
antitank,adjective
unresolved,adjective
reviewing,noun
morpheme,noun
altocumulus,noun
paroxysm,noun
PSM,noun
backtrack,verb
contaminate,verb
bipolar,adjective
Banjul,properNoun
money order,noun
lipoprotein,noun
zoophilic,adjective
functionalism,noun
shower cap,noun
tracksuit,noun
tuba,noun
Barthe,properNoun
heedless,adjective
ethologist,noun
abrogation,noun
acyclic,adjective
countermeasure,noun
by a stroke of good luck,adverb
authoritatively,adverb
aristocratic,adjective
prograding,adjective
bestseller,noun
sapling,noun
West Ham United,properNoun
weasel,noun
Centre of International Studies and Documentation of Barcelona,properNoun
catholically,adverb
proclivity,noun
agronomy,noun
von der Walde,properNoun
ethnocentrism,noun
Bremen,properNoun
gall bladder,noun
both,adjective
goitre,noun
ophthalmic,adjective
United Kingdom of Great Britain and Ireland,properNoun
Forradellas,properNoun
bodice,noun
bedspread,noun
by and large,adverb
schizophrenia,noun
MacNamara,properNoun
hereinafter,adverb
wobble,verb
covariance,noun
garlic oil,noun
anemograph,noun
orthogonal,adjective
morphogenetic,adjective
geochronology,noun
unfounded,adjective
Penrose,properNoun
LASIK,noun
demarcate,verb
emulation,noun
turmeric,noun
uninhabited,adjective
neuromuscular,adjective
digestive tract,noun
stultify,verb
musical arts,noun
voodoo,noun
Espinosa,properNoun
lexically,adverb
salmonella,noun
thinker,noun
rheology,noun
plebiscitary,adjective
leftwards,adverb
warm up,verb
calorimeter,noun
hydrazine,noun
AECID,properNoun
lemur,noun
robed,adjective
manganese,noun
working time,noun
viewing,noun
palaeoecology,noun
metopic,adjective
be about to do,verb
numeral,noun
throw out,verb
computerized,adjective
subdomain,noun
species barrier,noun
RER,noun
Agirrezabalaga,properNoun
autographic,adjective
melodiously,adverb
Dumont,properNoun
particular reason,noun
hypertension,noun
gilding,noun
till,noun
to the top,adverb
Ignatius of Antioch,properNoun
uttermost,adjective
pathos,noun
desinential,adjective
expandable,adjective
become friends,verb
Anglada,properNoun
bank of the river,noun
unobjectionable,adjective
in the wrong place,adverb
rind,noun
supermodel,noun
passenger seat,noun
neologistical,adjective
lightning rod,noun
askew,adverb
Ronda de Dalt,properNoun
direct selling,noun
receding hairline,noun
oncoming traffic,noun
prolapse,noun
fed up,adjective
Murghab,properNoun
albatross,noun
stethoscope,noun
to within,adverb
adept,adjective
pay at the cash desk,verb
spawn,noun
coleopteron,noun
mangrove,noun
acephalous,adjective
shearing,noun
fivefold,adjective
viroid,noun
pointer,noun
at any one time,adverb
reedit,verb
pectoral,adjective
phloem,noun
emphysema,noun
Alexander Grigoryevich Lukashenko,properNoun
isogon,noun
Allende,properNoun
delirium,noun
in chronological order,adverb
A400,properNoun
productively,adverb
vagrant,noun
compass,noun
amazingly,adverb
barbecue,noun
sort code,noun
mass-produce,verb
way of life,noun
defraudation,noun
blender,noun
nothing special,adverb
International Contact Group,properNoun
Collina,properNoun
externalisation,noun
Pobra do Caramiñal,properNoun
extranet,noun
glottochronology,noun
pâté,noun
balkan,adjective
nunciature,noun
blazing,adjective
as prn go along,subordinatingConjunction
Brizuela,properNoun
hibernation,noun
anisotropy,noun
reification,noun
vertebrate,adjective
be frightened,verb
thermocouple,noun
radiophysics,noun
smartphone,noun
tragically,adverb
robotic,adjective
onomatopoeic,adjective
dejection,noun
fall through,verb
resin,noun
press conference,noun
literary circle,noun
meeting point,noun
deuterium,noun
O'Regan,properNoun
referee's,adjective
interpolation,noun
epigraph,noun
treachery,noun
moonlighting,noun
awake,verb
eucalyptus,adjective
have a roll in the hay,verb
snap,verb
chloride,noun
now more than ever,adverb
as far as,adverb
hose,noun
innominate,adjective
limousine,noun
Big Bang,noun
tasting,noun
radiographic,adjective
cauliflower,noun
on everyone's lips,adverb
administratively,adverb
hapless,adjective
spontaneity,noun
rib,noun
ascend,verb
wire mesh,noun
Bayesian,adjective
too late,adverb
great-great-grandparent,noun
introductory,adjective
incongruence,noun
in good condition,adjective
paronychia,noun
limestone,noun
setter,noun
spiced,adjective
pentagon,noun
sociopathic,adjective
accelerator,noun
Tablante of Ricamonte,properNoun
lose by,verb
infamy,noun
fill in,verb
Sotelo,properNoun
Fidel Castro,properNoun
aplasia,noun
tercet,noun
bordering,adjective
upright,adjective
odeon,noun
de Rivera,properNoun
clam,noun
lexeme,noun
son-in-law,noun
stereoscopy,noun
warningly,adverb
flabbergasted,adjective
Can Buxeres,properNoun
checkmate,noun
positivist,adjective
prestress,verb
micropalaeontology,noun
archdiocese,noun
cogeneration,noun
axle,noun
in case,subordinatingConjunction
raffia,noun
Kilometroak,properNoun
European Defence Agency,properNoun
computability,noun
homopolymer,noun
ergonomic,adjective
playmaker,noun
spiritually,adverb
overgrazing,noun
cylindrical,adjective
sino-auricular node,noun
mesoderm,noun
altitudinal,adjective
Riveiran,adjective
mitochondrion,noun
gong,noun
consent,verb
Mancho,properNoun
dreamy,adjective
bestial,adjective
extension of the plan,noun
jug,noun
go shopping,verb
carnival,noun
Alcaraz,properNoun
terms of use,noun
canal,noun
real-estate,noun
ragout,noun
hereupon,adverb
in this respect,subordinatingConjunction
bookmark,noun
descendant,noun
agitatedly,adverb
Puig,properNoun
boisterously,adverb
monoploid,adjective
divisive,adjective
anchorage,noun
madrigal,noun
particular final cost objective,noun
tedium,noun
pre-season,noun
Ceauşescu,properNoun
BIBLIODEF,properNoun
go on doing,verb
trisection,noun
Urraburu,properNoun
Lamberti,properNoun
homeomorphism,noun
vocalic,adjective
superheterodyne,adjective
N-1,properNoun
by return mail,adverb
inorganic,adjective
tubulin,noun
S&P 500,properNoun
Llúcia,properNoun
leonine,adjective
phatic,adjective
guide dog,noun
biennial,adjective
basicity,noun
beehive,noun
geothermal,adjective
neurofilament,noun
utmost,adjective
control bit,noun
agglutination,noun
allegiance,noun
last resort,adverb
give an order,verb
doric,adjective
maintain a family,verb
anew,adverb
unconstitutional,adjective
premaxilla,noun
rearm,verb
Higgs,properNoun
peephole,noun
Macías,properNoun
yesterday afternoon,adverb
bra,noun
ginger,noun
Esperanto,noun
as dead as a doornail,adjective
Mariana Islands,properNoun
chive,noun
cannon,noun
de León,properNoun
gluon,noun
be racked with guilt,verb
electromagnet,noun
low art,noun
vicesecretary,noun
microlithic,adjective
diffusing,adjective
hardening,noun
quintic,adjective
Aragonese,noun
CAC 40,properNoun
paraplegia,noun
californian,adjective
RG,properNoun
prothetic,adjective
Egibar,properNoun
annunciation,noun
monocotyledon,noun
all over the world,adverb
Fisa Maghreb,properNoun
coach,verb
revolutionise,verb
bleach,noun
equitation,noun
have a good time,verb
legal notice,noun
pressing,noun
alternative medicine,noun
jellyfish,noun
shitty,adjective
satyr,noun
sotto voce,adverb
Levy,properNoun
Visa,properNoun
impure,adjective
scrollwork,noun
on the verge of bankruptcy,adverb
Abd,properNoun
vocalisation,noun
be going through a bad patch,verb
March,properNoun
cost overrun,noun
auscultation,noun
flat roof,noun
be godmother to,verb
throw off balance,verb
Talanquera,properNoun
middle-class,adjective
Umpro,properNoun
genomics,noun
embattled,adjective
charleston,noun
Javascript,properNoun
intranet,noun
stand out,verb
Purdue,properNoun
diorama,noun
digitigrade,noun
benevolent,adjective
see again,verb
offencedly,adverb
solubility,noun
sliding,adjective
boxer,noun
Lagrangian,adjective
let's put the record straight,subordinatingConjunction
reverberation,noun
roast,verb
altimetry,noun
padded cell,noun
Collantes,properNoun
anion,noun
xerographic,adjective
discontinue,verb
bechamel sauce,noun
neurophysical,adjective
barbaric,adjective
cattail,noun
systole,noun
sea urchin,noun
chromatin,noun
have a lump in the throat,verb
militarisation,noun
now or never,adverb
billy goat,noun
endodontics,noun
gasify,verb
parent-teacher association,noun
offshore,noun
United Nations Security Council,properNoun
Ondartza Society,properNoun
elevation,noun
reunion,noun
Deny Flight,properNoun
in every respect,adverb
masochism,noun
mineralogy,noun
garland,noun
pirouette,noun
in upper case,adverb
be unlikely,modal
guggenheim bilbao museum,properNoun
allomorphic,adjective
Chichester,properNoun
attachable,adjective
flank,noun
kite,noun
mastectomy,noun
agree to,verb
fibrous,adjective
Lagrange,properNoun
Hoyo,properNoun
here and there,adverb
change with regard to,verb
meat paste,noun
asynchronous,adjective
at the side,adverb
sociologism,noun
morse,noun
spur,noun
RAF,noun
all the way down,adverb
hopscotch,noun
alabaster,noun
subliminal,adjective
South Carolina,properNoun
declutch,verb
eligible,adjective
Saint Thomas Aquinas,properNoun
fully-paid share,noun
abound,verb
Cowen,properNoun
apportion,verb
before continuing,adverb
Pole_person,noun
geophyte,noun
inconvertible,adjective
like a corsair,adverb
raven,noun
Sixtema,properNoun
Regional Control West,properNoun
lune,noun
astrocyte,noun
neurology,noun
upside-down,adjective
set off for,verb
Scala,properNoun
occipital,adjective
potassium,noun
neat,adjective
in the order of,preposition
metallurgist,noun
islet,noun
promontory,noun
Eusko Trenbideak,properNoun
refinement,noun
Kenny,properNoun
foetus,noun
fitness,noun
diagnosis,noun
labour supply,noun
salamander,noun
Reguera,properNoun
oscillatory,adjective
inoculate,verb
defoliation,noun
lordship,noun
safekeeping,noun
numerically,adverb
homothetic,adjective
oily,adjective
webpage,noun
blastula,noun
Orsa,properNoun
geodesic,adjective
empirically,adverb
bureaucratisation,noun
hazelnut,noun
cytostome,noun
Dalian,properNoun
inopportune,adjective
web app,noun
Heisenberg,properNoun
coal mine,noun
monochrome,adjective
not at all,adverb
allegretto,adverb
petiole,noun
probity,noun
women's team,noun
sweatshirt,noun
orgasmic,adjective
polydimensional,adjective
be obsessed,verb
fallible,adjective
protogenic,adjective
appal,verb
apraxia,noun
non-voting share,noun
put in an all-nighter,verb
bonding,noun
pilferer,noun
Bohai Sea,properNoun
Izumi,properNoun
ardently,adverb
prostate,noun
DMOZ,properNoun
cramp,noun
Oiartzun,properNoun
on the brink of suicide,adverb
mutant,adjective
rooted,adjective
phanerogam,noun
barony,noun
revocable,adjective
sedimentology,noun
celibacy,noun
in retrospect,adverb
cinchona,noun
rowing sports club,noun
high-tension cable,noun
gastroscopy,noun
Van Gogh,properNoun
Venzalá,properNoun
machinable,adjective
dragon tree,noun
beloved,noun
somali,adjective
Royal Spanish Academy,properNoun
from here,adverb
buoy up,verb
honeysuckle,noun
adjudicate,verb
pectin,noun
umbel,noun
in triplicate,adverb
Android,properNoun
Hoyo de Manzanares,properNoun
mutualism,noun
bioelectromagnetism,noun
ingenuously,adverb
Custódio,properNoun
Camp Stone,properNoun
disclaimer,noun
Navarro,properNoun
by judicial mandate,adverb
twice a day,adverb
transoceanic,adjective
trace step by step,verb
hygroscopic,adjective
Mendiguren,properNoun
professional salesperson,noun
Jazzaldia,properNoun
blackbird,noun
morphosyntactic,adjective
bulletin board,noun
banknote,noun
Trust,properNoun
customary,adjective
UNIFIL,properNoun
rescheduling,noun
absentee,adjective
deference,noun
pro tempore,adverb
wipe off,verb
interdisciplinary,adjective
pericardium,noun
Fernández Rozado,properNoun
epistemological,adjective
Albero,properNoun
mechanise,verb
collotype,noun
naysayer,noun
potpourri,noun
scored season,noun
Dimas,properNoun
without a doubt,adverb
INAH,properNoun
joint production,noun
Infante,properNoun
vertex,noun
privet,noun
egg white,noun
echinoderm,noun
polymer,noun
MRI,noun
deposition,noun
rhodic,adjective
Bertal,properNoun
pedipalpus,noun
asthenosphere,noun
square,verb
dumbbell,noun
ethnographic,adjective
student life,noun
Pella,properNoun
Jara,properNoun
in my opinion,adverb
cryptocrystalline,adjective
initialise,verb
bevel,noun
sphincter,noun
mesh,verb
semi-major axis,noun
android,noun
correlative,adjective
ominous,adjective
Mendiola,properNoun
fibrin,noun
keep well,verb
palatalisation,noun
fruit seller,noun
teleworking,noun
spineless,adjective
passivation,noun
unimportant,adjective
M-theory,noun
american,adjective
regalism,noun
sniff,verb
corduroy,noun
dryer,noun
macrocrystalline,adjective
fantastically,adverb
in this particular case,adverb
Fortune 500,properNoun
up to a certain point,adverb
instantaneously,adverb
gingival,adjective
troposphere,noun
theorem,noun
cladism,noun
testing,noun
ectodermal,adjective
warm front,noun
barley,noun
vector,noun
semi-state,adjective
lavender oil,noun
newspaper article,noun
saffron,noun
porn,noun
foe,noun
hail of bullets,noun
examinee,noun
baboon,noun
rescuer,noun
get ready,verb
bass drum,noun
brachistochrone,noun
heart of the matter,noun
stick to,verb
thorium,noun
demagogic,adjective
syncretism,noun
planimetric,adjective
political forecaster,noun
isometry,noun
spread,noun
multivitamin,adjective
remain awake,verb
New World,properNoun
sundae,noun
javelin thrower,noun
chess piece,noun
esteemed,adjective
Wall Street Journal,properNoun
on the brink of insanity,adverb
bicameral,adjective
medial,adjective
Udalbiltza,properNoun
argentinian,adjective
castor oil,noun
dwell on,verb
championing,adjective
Jahn,properNoun
Stern,properNoun
go along with,verb
precariousness,noun
watch over,verb
larghetto,adverb
you never know what you've got till it's gone,interjection
crusade,noun
middle finger,noun
mute,adjective
nativity,noun
white-haired,adjective
antiferromagnetic,adjective
degree Celcius,noun
seditious,adjective
triceps,noun
Von Beust,properNoun
Power,properNoun
bivouac,noun
chlorotic,adjective
suspender belt,noun
cooking oil,noun
evolutionism,noun
victimisation,noun
